<BackupInst xmlns="http://www.microsoft.com/GroupPolicy/GPOOperations/Manifest"><GPOGuid><![CDATA[{6151DFDB-CD2E-4C52-8A7E-4F5C8684C414}]]></GPOGuid><GPODomain><![CDATA[cftlab.com]]></GPODomain><GPODomainGuid><![CDATA[{f5604a50-efb7-4701-85a8-143b06438701}]]></GPODomainGuid><GPODomainController><![CDATA[DC02.cftlab.com]]></GPODomainController><BackupTime><![CDATA[2020-04-01T01:23:20]]></BackupTime><ID><![CDATA[{6E19C0B5-9900-4E3C-8935-43467DC1ED3D}]]></ID><Comment><![CDATA[]]></Comment><GPODisplayName><![CDATA[WEF]]></GPODisplayName></BackupInst>
